Aika [a];Lämpöteho [kW];Kentästä tuleva lämpötila [°C];Kenttään menevä lämpötila
0.000000000;-1790.392;21.596;40
0.000000448;-1994.090;21.926;40
0.000000784;-1495.052;21.955;40
0.000001456;-1791.844;22.064;40
0.000002800;-2248.129;22.274;40
0.000005488;-2787.010;22.649;40
0.000010863;-3364.761;23.251;40
0.000021613;-3914.291;23.895;40
0.000032363;-4210.638;24.199;40
0.000053864;-4434.741;24.529;40
0.000096866;-4459.950;25.291;40
0.000182869;-4268.773;26.586;40
0.000354875;-3969.516;27.954;40
0.000526881;-3770.931;28.713;40
0.000870893;-3545.035;29.483;40
0.001558916;-3312.103;30.224;40
0.002934964;-3087.935;30.911;40
0.005687060;-2883.969;31.523;40
0.008439155;-2768.488;31.867;40
0.013943346;-2644.614;32.233;40
0.024951728;-2518.999;32.603;40
0.046968492;-2397.071;32.962;40
0.091002020;-2280.965;33.303;40
0.179069076;-2168.371;33.634;40
0.355203188;-2054.059;33.969;40
0.500000000;-1990.066;34.156;40
0.500000078;495.226;34.391;2
0.500000156;388.404;34.344;2
0.500000311;691.638;34.330;2
0.500000622;1290.243;34.268;2
0.500001245;2050.501;34.168;2
0.500001867;2652.122;34.081;2
0.500003111;3476.833;33.923;2
0.500005601;4526.659;33.655;2
0.500008090;5260.880;33.421;2
0.500013068;6141.653;33.038;2
0.500018046;6735.297;32.714;2
0.500028003;7393.849;32.207;2
0.500047916;7927.235;31.362;2
0.500067830;8091.119;30.487;2
0.500107656;7962.497;28.636;2
0.500147483;7722.310;26.988;2
0.500227136;7292.121;24.785;2
0.500386442;6730.439;22.462;2
0.500545748;6349.908;21.070;2
0.500864360;5894.010;19.539;2
0.501182972;5589.230;18.562;2
0.501820197;5220.047;17.414;2
0.503094646;4816.165;16.186;2
0.504369094;4561.476;15.421;2
0.506917992;4270.523;14.554;2
0.512015788;3967.534;13.656;2
0.517113583;3779.894;13.102;2
0.527309174;3564.344;12.467;2
0.547700356;3337.420;11.799;2
0.568091538;3196.286;11.384;2
0.608873901;3032.854;10.904;2
0.690438629;2856.064;10.385;2
0.853568083;2672.654;9.847;2
1.000000000;2565.127;9.533;40
1.000000075;93.487;9.295;40
1.000000151;201.022;9.343;40
1.000000302;-95.660;9.355;40
1.000000603;-690.525;9.417;40
1.000001207;-1435.721;9.515;40
1.000001810;-2030.642;9.600;40
1.000003016;-2844.779;9.755;40
1.000005430;-3886.187;10.015;40
1.000007843;-4624.171;10.245;40
1.000012669;-5509.410;10.622;40
1.000017495;-6106.698;10.942;40
1.000027148;-6775.613;11.442;40
1.000046453;-7329.565;12.263;40
1.000065758;-7511.680;13.106;40
1.000104368;-7405.179;14.906;40
1.000142978;-7175.099;16.536;40
1.000220198;-6750.255;18.749;40
1.000374639;-6189.083;21.097;40
1.000529079;-5807.339;22.505;40
1.000837960;-5349.160;24.051;40
1.001146841;-5042.652;25.037;40
1.001764603;-4671.317;26.194;40
1.003000127;-4265.027;27.430;40
1.004235651;-4008.767;28.201;40
1.006706699;-3716.146;29.073;40
1.011648795;-3412.215;29.974;40
1.016590891;-3224.625;30.528;40
1.026475083;-3010.232;31.160;40
1.046243468;-2786.653;31.818;40
1.066011852;-2649.195;32.222;40
1.105548620;-2493.079;32.681;40
1.184622156;-2329.295;33.162;40
1.342769229;-2166.465;33.639;40
1.500000000;-2067.068;33.931;40
1.500000078;418.191;34.166;2
1.500000156;311.392;34.119;2
1.500000311;614.811;34.104;2
1.500000622;1212.927;34.042;2
1.500001244;1973.586;33.943;2
1.500001867;2575.174;33.856;2
1.500003111;3400.963;33.697;2
1.500005600;4450.604;33.430;2
1.500008089;5183.681;33.196;2
1.500013067;6065.169;32.812;2
1.500018045;6657.811;32.488;2
1.500028001;7317.120;31.981;2
1.500047913;7850.276;31.137;2
1.500067825;8014.191;30.261;2
1.500107648;7885.567;28.411;2
1.500147472;7645.414;26.763;2
1.500227119;7215.241;24.560;2
1.500386414;6653.587;22.237;2
1.500545708;6273.081;20.845;2
1.500864297;5817.236;19.315;2
1.501182886;5512.511;18.337;2
1.501820064;5143.439;17.190;2
1.503094419;4739.783;15.963;2
1.504368775;4485.320;15.198;2
1.506917486;4194.816;14.332;2
1.512014909;3892.707;13.437;2
1.517112332;3705.928;12.886;2
1.527307177;3492.020;12.255;2
1.547696869;3268.101;11.596;2
1.568086560;3129.725;11.189;2
1.608865942;2971.037;10.723;2
1.690424706;2801.623;10.226;2
1.853542234;2628.215;9.717;2
2.000000000;2527.218;9.422;40
2.000000075;55.464;9.184;40
2.000000151;163.108;9.232;40
2.000000302;-133.381;9.244;40
2.000000603;-728.137;9.306;40
2.000001207;-1473.470;9.404;40
2.000001810;-2068.824;9.489;40
2.000003016;-2882.870;9.644;40
2.000005429;-3924.464;9.904;40
2.000007842;-4660.748;10.134;40
2.000012668;-5547.108;10.511;40
2.000017494;-6145.007;10.831;40
2.000027147;-6813.041;11.331;40
2.000046451;-7367.503;12.152;40
2.000065755;-7549.551;12.995;40
2.000104363;-7443.069;14.795;40
2.000142972;-7213.025;16.425;40
2.000220189;-6788.196;18.638;40
2.000374623;-6227.033;20.986;40
2.000529056;-5845.272;22.394;40
2.000837924;-5387.071;23.940;40
2.001146791;-5080.546;24.926;40
2.001764527;-4709.183;26.083;40
2.002999997;-4302.836;27.319;40
2.004235467;-4046.519;28.090;40
2.006706407;-3753.786;28.963;40
2.011648288;-3449.639;29.865;40
2.016590169;-3261.836;30.419;40
2.026473931;-3047.028;31.052;40
2.046241454;-2822.659;31.713;40
2.066008977;-2684.444;32.119;40
2.105544024;-2526.935;32.582;40
2.184614117;-2360.746;33.070;40
2.342754303;-2194.160;33.558;40
2.500000000;-2091.771;33.858;40
2.500000078;393.466;34.094;2
2.500000156;286.698;34.047;2
2.500000311;590.170;34.032;2
2.500000622;1188.200;33.970;2
2.500001244;1948.982;33.870;2
2.500001867;2550.448;33.783;2
2.500003111;3376.313;33.625;2
2.500005600;4426.089;33.357;2
2.500008089;5158.483;33.124;2
2.500013067;6040.799;32.740;2
2.500018045;6632.982;32.416;2
2.500028000;7292.341;31.909;2
2.500047912;7825.532;31.065;2
2.500067823;7989.425;30.189;2
2.500107645;7860.912;28.339;2
2.500147468;7620.741;26.691;2
2.500227113;7190.561;24.488;2
2.500386404;6628.941;22.165;2
2.500545694;6248.414;20.773;2
2.500864275;5792.576;19.243;2
2.501182855;5487.854;18.265;2
2.501820017;5118.792;17.118;2
2.503094339;4715.157;15.891;2
2.504368662;4460.717;15.126;2
2.506917307;4170.259;14.260;2
2.512014598;3868.242;13.366;2
2.517111889;3681.555;12.814;2
2.527306471;3467.831;12.184;2
2.547695634;3244.269;11.527;2
2.568084797;3106.239;11.121;2
2.608863123;2948.206;10.656;2
2.690419776;2779.972;10.162;2
2.853533081;2608.521;9.660;2
3.000000000;2509.017;9.368;40
3.000000075;37.228;9.131;40
3.000000151;144.911;9.179;40
3.000000302;-151.518;9.191;40
3.000000603;-746.249;9.253;40
3.000001206;-1491.484;9.351;40
3.000001810;-2086.980;9.436;40
3.000003016;-2901.063;9.591;40
3.000005429;-3943.006;9.851;40
3.000007842;-4677.701;10.081;40
3.000012668;-5565.659;10.458;40
3.000017494;-6163.144;10.778;40
3.000027146;-6831.254;11.278;40
3.000046450;-7385.582;12.099;40
3.000065754;-7567.706;12.941;40
3.000104361;-7461.323;14.742;40
3.000142969;-7231.245;16.372;40
3.000220184;-6806.421;18.585;40
3.000374615;-6245.246;20.933;40
3.000529045;-5863.488;22.341;40
3.000837907;-5405.284;23.886;40
3.001146768;-5098.755;24.873;40
3.001764490;-4727.383;26.030;40
3.002999935;-4321.022;27.266;40
3.004235380;-4064.691;28.037;40
3.006706269;-3771.932;28.910;40
3.011648049;-3467.733;29.812;40
3.016589828;-3279.880;30.367;40
3.026473386;-3064.973;31.000;40
3.046240503;-2840.411;31.661;40
3.066007620;-2702.008;32.068;40
3.105541853;-2544.140;32.532;40
3.184610321;-2377.287;33.022;40
3.342747255;-2209.554;33.513;40
3.500000000;-2106.166;33.816;40
3.500000078;379.061;34.052;2
3.500000156;272.321;34.005;2
3.500000311;575.778;33.990;2
3.500000622;1173.831;33.928;2
3.500001244;1934.659;33.828;2
3.500001867;2536.110;33.741;2
3.500003111;3362.063;33.583;2
3.500005600;4411.878;33.315;2
3.500008089;5143.898;33.081;2
3.500013067;6026.328;32.698;2
3.500018044;6618.558;32.374;2
3.500028000;7277.914;31.867;2
3.500047911;7810.979;31.023;2
3.500067822;7974.941;30.147;2
3.500107644;7846.431;28.297;2
3.500147466;7606.341;26.649;2
3.500227110;7176.203;24.446;2
3.500386398;6614.544;22.123;2
3.500545686;6234.041;20.731;2
3.500864262;5778.201;19.201;2
3.501182838;5473.480;18.223;2
3.501819990;5104.421;17.076;2
3.503094295;4700.793;15.849;2
3.504368599;4446.359;15.084;2
3.506917208;4155.916;14.219;2
3.512014426;3853.930;13.324;2
3.517111644;3667.275;12.772;2
3.527306079;3453.613;12.143;2
3.547694951;3230.173;11.485;2
3.568083822;3092.264;11.080;2
3.608861564;2934.464;10.616;2
3.690417048;2766.666;10.123;2
3.853528017;2595.987;9.623;2
4.000000000;2497.101;9.334;40
4.000000075;25.297;9.096;40
4.000000151;132.997;9.144;40
4.000000302;-163.410;9.156;40
4.000000603;-758.124;9.218;40
4.000001206;-1503.319;9.316;40
4.000001810;-2098.960;9.401;40
4.000003016;-2913.013;9.556;40
4.000005429;-3955.260;9.816;40
4.000007842;-4689.073;10.046;40
4.000012668;-5577.814;10.423;40
4.000017494;-6174.865;10.743;40
4.000027146;-6843.245;11.243;40
4.000046449;-7397.431;12.064;40
4.000065753;-7579.590;12.906;40
4.000104360;-7473.181;14.707;40
4.000142967;-7243.171;16.337;40
4.000220181;-6818.353;18.550;40
4.000374610;-6257.177;20.898;40
4.000529039;-5875.415;22.306;40
4.000837896;-5417.209;23.851;40
4.001146753;-5110.677;24.838;40
4.001764468;-4739.302;25.995;40
4.002999897;-4332.934;27.231;40
4.004235326;-4076.597;28.002;40
4.006706185;-3783.827;28.875;40
4.011647902;-3479.607;29.777;40
4.016589619;-3291.732;30.332;40
4.026473053;-3076.784;30.965;40
4.046239920;-2852.140;31.627;40
4.066006788;-2713.657;32.034;40
4.105540523;-2555.633;32.498;40
4.184607994;-2388.487;32.989;40
4.342742936;-2220.225;33.482;40
4.500000000;-2116.357;33.786;40
4.500000078;368.863;34.022;2
4.500000156;262.142;33.975;2
4.500000311;565.585;33.960;2
4.500000622;1163.682;33.898;2
4.500001244;1924.491;33.798;2
4.500001867;2526.013;33.711;2
4.500003111;3351.728;33.553;2
4.500005600;4401.815;33.285;2
4.500008089;5133.711;33.052;2
4.500013066;6016.337;32.668;2
4.500018044;6608.268;32.344;2
4.500028000;7267.896;31.837;2
4.500047910;7800.714;30.993;2
4.500067821;7964.763;30.117;2
4.500107643;7836.233;28.267;2
4.500147465;7596.166;26.620;2
4.500227108;7166.012;24.416;2
4.500386394;6604.369;22.093;2
4.500545681;6223.861;20.701;2
4.500864254;5768.019;19.171;2
4.501182827;5463.300;18.193;2
4.501819973;5094.243;17.046;2
4.503094266;4690.618;15.819;2
4.504368558;4436.187;15.054;2
4.506917143;4145.751;14.189;2
4.512014313;3843.780;13.294;2
4.517111482;3657.139;12.743;2
4.527305822;3443.507;12.113;2
4.547694501;3220.126;11.456;2
4.568083180;3082.276;11.050;2
4.608860537;2924.591;10.587;2
4.690415253;2757.012;10.095;2
4.853524684;2586.731;9.596;2
5.000000000;2488.172;9.307;40
5.000000075;16.361;9.070;40
5.000000151;124.072;9.118;40
5.000000302;-172.328;9.130;40
5.000000603;-767.030;9.192;40
5.000001206;-1512.203;9.290;40
5.000001810;-2107.969;9.375;40
5.000003016;-2921.941;9.530;40
5.000005429;-3964.243;9.790;40
5.000007842;-4697.726;10.019;40
5.000012668;-5587.010;10.397;40
5.000017494;-6183.536;10.716;40
5.000027145;-6851.792;11.217;40
5.000046449;-7406.392;12.038;40
5.000065752;-7588.531;12.880;40
5.000104359;-7482.173;14.681;40
5.000142966;-7252.120;16.310;40
5.000220180;-6827.291;18.524;40
5.000374607;-6266.116;20.872;40
5.000529034;-5884.351;22.279;40
5.000837889;-5426.143;23.825;40
5.001146743;-5119.610;24.812;40
5.001764452;-4748.234;25.968;40
5.002999871;-4341.862;27.205;40
5.004235289;-4085.522;27.976;40
5.006706126;-3792.746;28.849;40
5.011647799;-3488.514;29.751;40
5.016589472;-3300.628;30.306;40
5.026472819;-3085.657;30.939;40
5.046239512;-2860.970;31.601;40
5.066006205;-2722.443;32.008;40
5.105539592;-2564.335;32.473;40
5.184606364;-2397.028;32.964;40
5.342739910;-2228.469;33.458;40
5.500000000;-2124.327;33.763;40
5.500000078;360.889;33.998;2
5.500000156;254.180;33.951;2
5.500000311;557.601;33.937;2
5.500000622;1155.689;33.875;2
5.500001244;1916.548;33.775;2
5.500001867;2518.047;33.688;2
5.500003111;3343.637;33.530;2
5.500005600;4393.732;33.262;2
5.500008089;5125.776;33.028;2
5.500013066;6008.780;32.645;2
5.500018044;6600.375;32.321;2
5.500027999;7259.941;31.814;2
5.500047910;7792.767;30.970;2
5.500067821;7956.742;30.094;2
5.500107642;7828.280;28.244;2
5.500147463;7588.193;26.596;2
5.500227106;7158.047;24.393;2
5.500386392;6596.419;22.070;2
5.500545677;6215.899;20.678;2
5.500864248;5760.059;19.147;2
5.501182819;5455.339;18.170;2
5.501819961;5086.282;17.023;2
5.503094244;4682.659;15.796;2
5.504368528;4428.230;15.031;2
5.506917095;4137.798;14.165;2
5.512014230;3835.835;13.271;2
5.517111365;3649.203;12.720;2
5.527305634;3435.587;12.090;2
5.547694172;3212.241;11.433;2
5.568082711;3074.425;11.027;2
5.608859788;2916.806;10.564;2
5.690413942;2749.356;10.073;2
5.853522250;2579.314;9.574;2
6.000000000;2480.955;9.286;40
6.000000075;9.139;9.049;40
6.000000151;116.858;9.097;40
6.000000302;-179.541;9.109;40
6.000000603;-774.232;9.171;40
6.000001206;-1519.393;9.269;40
6.000001810;-2115.263;9.354;40
6.000003016;-2929.103;9.508;40
6.000005429;-3971.338;9.769;40
6.000007842;-4704.809;9.998;40
6.000012668;-5594.473;10.376;40
6.000017494;-6190.771;10.695;40
6.000027145;-6858.983;11.196;40
6.000046449;-7413.472;12.017;40
6.000065752;-7595.777;12.859;40
6.000104358;-7489.369;14.659;40
6.000142965;-7259.352;16.289;40
6.000220178;-6834.508;18.502;40
6.000374604;-6273.337;20.851;40
6.000529031;-5891.580;22.258;40
6.000837883;-5433.367;23.804;40
6.001146736;-5126.834;24.791;40
6.001764441;-4755.454;25.947;40
6.002999851;-4349.081;27.184;40
6.004235261;-4092.738;27.955;40
6.006706081;-3799.958;28.828;40
6.011647721;-3495.719;29.730;40
6.016589361;-3307.826;30.285;40
6.026472641;-3092.841;30.918;40
6.046239201;-2868.127;31.580;40
6.066005761;-2729.574;31.987;40
6.105538881;-2571.414;32.452;40
6.184605121;-2404.007;32.943;40
6.342737602;-2235.260;33.438;40
6.500000000;-2130.941;33.744;40
6.500000078;354.271;33.979;2
6.500000156;247.572;33.932;2
6.500000311;550.978;33.917;2
6.500000622;1149.061;33.855;2
6.500001244;1909.952;33.756;2
6.500001867;2511.453;33.669;2
6.500003111;3336.954;33.510;2
6.500005600;4387.075;33.243;2
6.500008089;5119.166;33.009;2
6.500013066;6002.802;32.625;2
6.500018044;6593.750;32.301;2
6.500027999;7253.243;31.794;2
6.500047910;7786.126;30.950;2
6.500067820;7950.153;30.075;2
6.500107642;7821.664;28.224;2
6.500147463;7581.600;26.577;2
6.500227105;7151.447;24.374;2
6.500386390;6589.806;22.050;2
6.500545674;6209.291;20.659;2
6.500864243;5753.451;19.128;2
6.501182813;5448.731;18.150;2
6.501819951;5079.675;17.003;2
6.503094228;4676.052;15.776;2
6.504368505;4421.625;15.012;2
6.506917058;4131.195;14.146;2
6.512014165;3829.237;13.251;2
6.517111272;3642.610;12.700;2
6.527305487;3429.006;12.071;2
6.547693915;3205.682;11.413;2
6.568082344;3067.888;11.008;2
6.608859201;2910.312;10.545;2
6.690412915;2742.946;10.054;2
6.853520344;2573.062;9.556;2
7.000000000;2474.837;9.268;40
7.000000075;3.019;9.031;40
7.000000151;110.742;9.079;40
7.000000302;-185.655;9.091;40
7.000000603;-780.340;9.153;40
7.000001206;-1525.492;9.251;40
7.000001810;-2121.456;9.336;40
7.000003016;-2935.300;9.490;40
7.000005429;-3977.517;9.751;40
7.000007842;-4710.833;9.980;40
7.000012668;-5600.592;10.358;40
7.000017494;-6196.943;10.677;40
7.000027145;-6864.524;11.178;40
7.000046448;-7419.557;11.999;40
7.000065751;-7601.887;12.841;40
7.000104358;-7495.543;14.641;40
7.000142964;-7265.475;16.271;40
7.000220177;-6840.635;18.484;40
7.000374602;-6279.468;20.833;40
7.000529028;-5897.701;22.240;40
7.000837878;-5439.491;23.786;40
7.001146729;-5132.957;24.773;40
7.001764431;-4761.575;25.929;40
7.002999834;-4355.200;27.166;40
7.004235238;-4098.856;27.937;40
7.006706044;-3806.073;28.810;40
7.011647657;-3501.829;29.712;40
7.016589270;-3313.931;30.267;40
7.026472497;-3098.937;30.900;40
7.046238949;-2874.205;31.562;40
7.066005402;-2735.634;31.969;40
7.105538307;-2577.439;32.434;40
7.184604117;-2409.963;32.926;40
7.342735738;-2241.087;33.421;40
7.500000000;-2136.644;33.727;40
7.500000078;348.565;33.962;2
7.500000156;241.872;33.915;2
7.500000311;545.263;33.901;2
7.500000622;1143.354;33.839;2
7.500001244;1904.258;33.739;2
7.500001867;2505.766;33.652;2
7.500003111;3331.219;33.494;2
7.500005600;4381.417;33.226;2
7.500008089;5113.494;32.992;2
7.500013066;5997.538;32.608;2
7.500018044;6588.223;32.285;2
7.500027999;7247.689;31.778;2
7.500047910;7780.588;30.934;2
7.500067820;7944.535;30.058;2
7.500107641;7815.989;28.207;2
7.500147462;7575.906;26.560;2
7.500227104;7145.741;24.357;2
7.500386388;6584.101;22.034;2
7.500545672;6203.592;20.642;2
7.500864240;5747.749;19.111;2
7.501182807;5443.033;18.134;2
7.501819943;5073.976;16.986;2
7.503094214;4670.355;15.759;2
7.504368485;4415.928;14.995;2
7.506917027;4125.500;14.129;2
7.512014112;3823.545;13.235;2
7.517111197;3636.922;12.683;2
7.527305366;3423.326;12.054;2
7.547693704;3200.017;11.397;2
7.568082042;3062.238;10.992;2
7.608858718;2904.693;10.529;2
7.690412071;2737.386;10.038;2
7.853518776;2567.615;9.540;2
8.000000000;2469.486;9.253;40
8.000000075;-2.334;9.015;40
8.000000151;105.393;9.063;40
8.000000302;-191.004;9.075;40
8.000000603;-785.683;9.137;40
8.000001206;-1530.829;9.235;40
8.000001810;-2126.865;9.320;40
8.000003016;-2940.745;9.475;40
8.000005429;-3982.808;9.735;40
8.000007842;-4716.135;9.965;40
8.000012668;-5606.080;10.342;40
8.000017493;-6202.316;10.662;40
8.000027145;-6870.326;11.162;40
8.000046448;-7424.838;11.983;40
8.000065751;-7607.273;12.825;40
8.000104357;-7500.900;14.626;40
8.000142963;-7270.831;16.255;40
8.000220176;-6845.981;18.469;40
8.000374601;-6284.823;20.817;40
8.000529025;-5903.058;22.224;40
8.000837875;-5444.843;23.770;40
8.001146724;-5138.308;24.757;40
8.001764423;-4766.929;25.914;40
8.002999821;-4360.552;27.150;40
8.004235218;-4104.207;27.921;40
8.006706013;-3811.422;28.794;40
8.011647604;-3507.174;29.696;40
8.016589194;-3319.273;30.251;40
8.026472376;-3104.273;30.885;40
8.046238738;-2879.527;31.546;40
8.066005100;-2740.943;31.954;40
8.105537824;-2582.722;32.419;40
8.184603273;-2415.197;32.911;40
8.342734170;-2246.226;33.406;40
8.500000000;-2141.692;33.712;40
8.500000078;343.515;33.947;2
8.500000156;236.827;33.900;2
8.500000311;540.208;33.886;2
8.500000622;1138.314;33.824;2
8.500001244;1899.219;33.724;2
8.500001867;2500.734;33.637;2
8.500003111;3326.175;33.479;2
8.500005600;4376.462;33.211;2
8.500008089;5108.474;32.977;2
8.500013066;5992.939;32.594;2
8.500018044;6583.267;32.270;2
8.500027999;7242.726;31.763;2
8.500047909;7775.504;30.919;2
8.500067820;7939.517;30.043;2
8.500107641;7810.977;28.193;2
8.500147461;7570.860;26.545;2
8.500227103;7140.699;24.342;2
8.500386386;6579.058;22.019;2
8.500545670;6198.554;20.627;2
8.500864236;5742.707;19.097;2
8.501182803;5437.989;18.119;2
8.501819936;5068.932;16.972;2
8.503094202;4665.311;15.745;2
8.504368469;4410.885;14.980;2
8.506917001;4120.458;14.114;2
8.512014067;3818.506;13.220;2
8.517111132;3631.886;12.669;2
8.527305262;3418.296;12.039;2
8.547693524;3194.998;11.382;2
8.568081785;3057.230;10.977;2
8.608858307;2899.708;10.514;2
8.690411352;2732.445;10.023;2
8.853517441;2562.760;9.526;2
9.000000000;2464.704;9.238;40
9.000000075;-7.118;9.001;40
9.000000151;100.612;9.049;40
9.000000302;-195.785;9.061;40
9.000000603;-790.459;9.123;40
9.000001206;-1535.601;9.221;40
9.000001810;-2131.685;9.306;40
9.000003016;-2945.549;9.461;40
9.000005429;-3987.634;9.721;40
9.000007842;-4720.905;9.951;40
9.000012668;-5610.689;10.328;40
9.000017493;-6207.014;10.648;40
9.000027145;-6874.872;11.148;40
9.000046448;-7429.691;11.969;40
9.000065751;-7612.030;12.811;40
9.000104357;-7505.651;14.612;40
9.000142963;-7275.616;16.241;40
9.000220175;-6850.784;18.454;40
9.000374599;-6289.611;20.803;40
9.000529023;-5907.844;22.210;40
9.000837871;-5449.630;23.756;40
9.001146720;-5143.094;24.743;40
9.001764416;-4771.714;25.900;40
9.002999809;-4365.336;27.136;40
9.004235201;-4108.990;27.907;40
9.006705987;-3816.204;28.780;40
9.011647558;-3511.953;29.682;40
9.016589129;-3324.049;30.237;40
9.026472271;-3109.044;30.871;40
9.046238554;-2884.288;31.532;40
9.066004838;-2745.695;31.940;40
9.105537406;-2587.454;32.405;40
9.184602541;-2419.891;32.897;40
9.342732811;-2250.846;33.392;40
9.500000000;-2146.241;33.699;40
9.500000078;338.963;33.934;2
9.500000156;232.279;33.887;2
9.500000311;535.652;33.872;2
9.500000622;1133.773;33.810;2
9.500001244;1894.671;33.711;2
9.500001867;2496.196;33.624;2
9.500003111;3321.654;33.466;2
9.500005600;4371.993;33.198;2
9.500008089;5103.953;32.964;2
9.500013066;5988.728;32.580;2
9.500018044;6578.785;32.256;2
9.500027999;7238.272;31.749;2
9.500047909;7770.919;30.905;2
9.500067820;7934.918;30.030;2
9.500107640;7806.400;28.179;2
9.500147461;7566.310;26.532;2
9.500227102;7136.159;24.329;2
9.500386385;6574.506;22.005;2
9.500545668;6194.003;20.614;2
9.500864233;5738.161;19.083;2
9.501182799;5433.443;18.105;2
9.501819930;5064.387;16.958;2
9.503094192;4660.766;15.731;2
9.504368454;4406.340;14.967;2
9.506916978;4115.914;14.101;2
9.512014027;3813.964;13.206;2
9.517111075;3627.346;12.655;2
9.527305172;3413.760;12.026;2
9.547693366;3190.471;11.369;2
9.568081560;3052.712;10.964;2
9.608857948;2895.208;10.501;2
9.690410723;2727.979;10.010;2
9.853516274;2558.361;9.513;2
10.000000000;2460.362;9.226;40
10.000000075;-11.460;8.989;40
10.000000151;96.273;9.036;40
10.000000302;-200.125;9.048;40
10.000000603;-794.796;9.110;40
10.000001206;-1539.934;9.208;40
10.000001810;-2136.049;9.293;40
10.000003016;-2949.920;9.448;40
10.000005429;-3991.996;9.708;40
10.000007842;-4725.281;9.938;40
10.000012668;-5614.973;10.315;40
10.000017493;-6211.363;10.635;40
10.000027145;-6879.043;11.135;40
10.000046448;-7434.050;11.956;40
10.000065751;-7616.370;12.798;40
10.000104357;-7510.024;14.599;40
10.000142962;-7279.965;16.229;40
10.000220174;-6855.140;18.442;40
10.000374598;-6293.957;20.790;40
10.000529021;-5912.187;22.198;40
10.000837868;-5453.972;23.744;40
10.001146715;-5147.438;24.730;40
10.001764410;-4776.057;25.887;40
10.002999798;-4369.679;27.123;40
10.004235186;-4113.333;27.894;40
10.006705963;-3820.545;28.767;40
10.011647517;-3516.292;29.669;40
10.016589070;-3328.386;30.224;40
10.026472178;-3113.376;30.858;40
10.046238392;-2888.613;31.519;40
10.066004606;-2750.011;31.927;40
10.105537035;-2591.755;32.392;40
10.184601892;-2424.161;32.884;40
10.342731607;-2255.059;33.380;40
10.500000000;-2150.396;33.686;40
10.500000078;334.806;33.922;2
10.500000156;228.126;33.875;2
10.500000311;531.492;33.860;2
10.500000622;1129.623;33.798;2
10.500001244;1890.516;33.698;2
10.500001867;2492.049;33.612;2
10.500003111;3317.517;33.453;2
10.500005600;4367.880;33.185;2
10.500008089;5099.834;32.952;2
10.500013066;5984.891;32.568;2
10.500018044;6574.602;32.244;2
10.500027999;7233.843;31.737;2
10.500047909;7766.725;30.893;2
10.500067819;7930.748;30.017;2
10.500107640;7802.277;28.167;2
10.500147461;7562.168;26.520;2
10.500227102;7132.015;24.317;2
10.500386384;6570.365;21.993;2
10.500545666;6189.853;20.602;2
10.500864231;5734.011;19.071;2
10.501182795;5429.292;18.093;2
10.501819925;5060.235;16.946;2
10.503094183;4656.614;15.719;2
10.504368441;4402.189;14.955;2
10.506916958;4111.763;14.089;2
10.512013992;3809.815;13.194;2
10.517111025;3623.199;12.643;2
10.527305092;3409.616;12.014;2
10.547693226;3186.334;11.357;2
10.568081360;3048.582;10.952;2
10.608857627;2891.092;10.489;2
10.690410162;2723.892;9.998;2
10.853515233;2554.328;9.501;2
11.000000000;2456.376;9.214;40
11.000000075;-15.447;8.977;40
11.000000151;92.288;9.024;40
11.000000302;-204.109;9.037;40
11.000000603;-798.778;9.099;40
11.000001206;-1543.914;9.197;40
11.000001810;-2140.052;9.282;40
11.000003016;-2953.922;9.436;40
11.000005429;-3995.992;9.697;40
11.000007842;-4729.236;9.926;40
11.000012668;-5619.086;10.304;40
11.000017493;-6215.325;10.623;40
11.000027145;-6883.119;11.123;40
11.000046448;-7437.967;11.945;40
11.000065750;-7620.413;12.787;40
11.000104356;-7513.993;14.587;40
11.000142962;-7283.949;16.217;40
11.000220174;-6859.113;18.430;40
11.000374597;-6297.943;20.778;40
11.000529020;-5916.177;22.186;40
11.000837866;-5457.965;23.732;40
11.001146712;-5151.427;24.718;40
11.001764404;-4780.046;25.875;40
11.002999789;-4373.667;27.112;40
11.004235173;-4117.320;27.883;40
11.006705942;-3824.531;28.756;40
11.011647480;-3520.276;29.657;40
11.016589018;-3332.368;30.213;40
11.026472094;-3117.355;30.846;40
11.046238246;-2892.585;31.508;40
11.066004397;-2753.977;31.915;40
11.105536701;-2595.709;32.381;40
11.184601308;-2428.090;32.873;40
11.342730523;-2258.939;33.369;40
11.500000000;-2154.229;33.675;40
11.500000078;330.972;33.911;2
11.500000156;224.294;33.864;2
11.500000311;527.655;33.849;2
11.500000622;1125.793;33.787;2
11.500001244;1886.684;33.687;2
11.500001867;2488.223;33.600;2
11.500003111;3313.696;33.442;2
11.500005600;4364.087;33.174;2
11.500008089;5096.029;32.940;2
11.500013066;5981.258;32.557;2
11.500018044;6570.780;32.233;2
11.500027999;7230.022;31.726;2
11.500047909;7762.921;30.882;2
11.500067819;7926.932;30.006;2
11.500107640;7798.453;28.156;2
11.500147460;7558.336;26.509;2
11.500227101;7128.174;24.305;2
11.500386383;6566.547;21.982;2
11.500545665;6186.023;20.590;2
11.500864229;5730.180;19.060;2
11.501182792;5425.462;18.082;2
11.501819920;5056.405;16.935;2
11.503094175;4652.784;15.708;2
11.504368430;4398.359;14.943;2
11.506916940;4107.934;14.078;2
11.512013960;3805.987;13.183;2
11.517110979;3619.372;12.632;2
11.527305019;3405.792;12.002;2
11.547693099;3182.517;11.345;2
11.568081178;3044.771;10.940;2
11.608857337;2887.292;10.478;2
11.690409655;2720.115;9.987;2
11.853514291;2550.597;9.490;2
12.000000000;2452.684;9.203;40
12.000000075;-19.140;8.966;40
12.000000151;88.598;9.014;40
12.000000302;-207.800;9.026;40
12.000000603;-802.466;9.088;40
12.000001206;-1547.600;9.186;40
12.000001810;-2143.742;9.271;40
12.000003016;-2957.622;9.425;40
12.000005429;-3999.689;9.686;40
12.000007842;-4732.924;9.915;40
12.000012667;-5622.742;10.293;40
12.000017493;-6218.916;10.612;40
12.000027145;-6886.721;11.113;40
12.000046447;-7441.608;11.934;40
12.000065750;-7624.100;12.776;40
12.000104356;-7517.684;14.576;40
12.000142962;-7287.643;16.206;40
12.000220173;-6862.811;18.419;40
12.000374595;-6301.636;20.768;40
12.000529018;-5919.872;22.175;40
12.000837863;-5461.658;23.721;40
12.001146709;-5155.121;24.708;40
12.001764399;-4783.739;25.864;40
12.002999780;-4377.360;27.101;40
12.004235161;-4121.012;27.872;40
12.006705923;-3828.223;28.745;40
12.011647446;-3523.966;29.647;40
12.016588970;-3336.057;30.202;40
12.026472017;-3121.041;30.835;40
12.046238112;-2896.266;31.497;40
12.066004207;-2757.652;31.905;40
12.105536397;-2599.373;32.370;40
12.184600776;-2431.733;32.862;40
12.342729534;-2262.541;33.358;40
12.500000000;-2157.791;33.665;40
12.500000078;327.408;33.900;2
12.500000156;220.733;33.853;2
12.500000311;524.089;33.838;2
12.500000622;1122.232;33.776;2
12.500001244;1883.123;33.677;2
12.500001867;2484.666;33.590;2
12.500003111;3310.144;33.432;2
12.500005600;4360.566;33.164;2
12.500008089;5092.531;32.930;2
12.500013066;5977.835;32.546;2
12.500018044;6567.190;32.222;2
12.500027999;7226.393;31.715;2
12.500047909;7759.401;30.871;2
12.500067819;7923.390;29.996;2
12.500107639;7794.860;28.145;2
12.500147460;7554.775;26.498;2
12.500227101;7124.614;24.295;2
12.500386382;6562.973;21.971;2
12.500545664;6182.463;20.580;2
12.500864226;5726.620;19.049;2
12.501182789;5421.902;18.071;2
12.501819915;5052.845;16.924;2
12.503094167;4649.225;15.697;2
12.504368419;4394.799;14.933;2
12.506916923;4104.375;14.067;2
12.512013930;3802.429;13.173;2
12.517110938;3615.816;12.621;2
12.527304953;3402.238;11.992;2
12.547692982;3178.967;11.335;2
12.568081012;3041.226;10.930;2
12.608857072;2883.758;10.467;2
12.690409191;2716.601;9.976;2
12.853513429;2547.121;9.480;2
13.000000000;2449.242;9.193;40
13.000000075;-22.583;8.956;40
13.000000151;85.156;9.004;40
13.000000302;-211.241;9.016;40
13.000000603;-805.905;9.078;40
13.000001206;-1551.037;9.176;40
13.000001810;-2147.200;9.261;40
13.000003016;-2961.063;9.415;40
13.000005429;-4003.182;9.676;40
13.000007842;-4736.377;9.905;40
13.000012667;-5626.218;10.283;40
13.000017493;-6222.266;10.602;40
13.000027145;-6890.274;11.102;40
13.000046447;-7445.094;11.924;40
13.000065750;-7627.556;12.766;40
13.000104356;-7521.137;14.566;40
13.000142961;-7291.094;16.196;40
13.000220172;-6866.251;18.409;40
13.000374594;-6305.089;20.757;40
13.000529017;-5923.316;22.165;40
13.000837861;-5465.100;23.711;40
13.001146706;-5158.565;24.697;40
13.001764394;-4787.184;25.854;40
13.002999772;-4380.804;27.091;40
13.004235150;-4124.456;27.862;40
13.006705905;-3831.665;28.735;40
13.011647415;-3527.407;29.637;40
13.016588926;-3339.497;30.192;40
13.026471947;-3124.479;30.825;40
13.046237989;-2899.698;31.487;40
13.066004032;-2761.080;31.895;40
13.105536116;-2602.792;32.360;40
13.184600285;-2435.134;32.852;40
13.342728623;-2265.907;33.348;40
13.500000000;-2161.122;33.655;40
13.500000078;324.075;33.890;2
13.500000156;217.402;33.843;2
13.500000311;520.755;33.829;2
13.500000622;1118.902;33.767;2
13.500001244;1879.792;33.667;2
13.500001867;2481.339;33.580;2
13.500003111;3306.819;33.422;2
13.500005600;4357.273;33.154;2
13.500008088;5089.275;32.920;2
13.500013066;5974.641;32.537;2
13.500018044;6563.855;32.213;2
13.500027999;7222.974;31.706;2
13.500047909;7756.022;30.862;2
13.500067819;7920.043;29.986;2
13.500107639;7791.496;28.136;2
13.500147459;7551.425;26.488;2
13.500227100;7121.292;24.285;2
13.500386381;6559.688;21.962;2
13.500545662;6179.133;20.570;2
13.500864225;5723.288;19.039;2
13.501182787;5418.571;18.062;2
13.501819911;5049.516;16.915;2
13.503094160;4645.895;15.688;2
13.504368409;4391.470;14.923;2
13.506916907;4101.046;14.057;2
13.512013903;3799.102;13.163;2
13.517110899;3612.489;12.612;2
13.527304891;3398.913;11.982;2
13.547692875;3175.647;11.325;2
13.568080859;3037.910;10.920;2
13.608856826;2880.450;10.457;2
13.690408762;2713.310;9.967;2
13.853512633;2543.864;9.470;2
14.000000000;2446.014;9.184;40
14.000000075;-25.810;8.946;40
14.000000151;81.930;8.994;40
14.000000302;-214.468;9.006;40
14.000000603;-809.130;9.068;40
14.000001206;-1554.260;9.166;40
14.000001810;-2150.436;9.251;40
14.000003016;-2964.287;9.406;40
14.000005429;-4006.459;9.666;40
14.000007842;-4739.612;9.896;40
14.000012667;-5629.551;10.273;40
14.000017493;-6225.576;10.593;40
14.000027144;-6893.445;11.093;40
14.000046447;-7448.238;11.914;40
14.000065750;-7630.766;12.756;40
14.000104355;-7524.348;14.557;40
14.000142961;-7294.335;16.186;40
14.000220172;-6869.484;18.399;40
14.000374594;-6308.306;20.748;40
14.000529015;-5926.548;22.155;40
14.000837859;-5468.333;23.701;40
14.001146703;-5161.795;24.688;40
14.001764390;-4790.413;25.845;40
14.002999765;-4384.032;27.081;40
14.004235139;-4127.684;27.852;40
14.006705888;-3834.893;28.725;40
14.011647387;-3530.634;29.627;40
14.016588885;-3342.722;30.182;40
14.026471882;-3127.702;30.816;40
14.046237875;-2902.918;31.477;40
14.066003869;-2764.296;31.885;40
14.105535855;-2605.999;32.350;40
14.184599829;-2438.326;32.843;40
14.342727777;-2269.068;33.339;40
14.500000000;-2164.253;33.646;40
14.500000078;320.943;33.881;2
14.500000156;214.273;33.834;2
14.500000311;517.622;33.819;2
14.500000622;1115.772;33.758;2
14.500001244;1876.661;33.658;2
14.500001867;2478.212;33.571;2
14.500003111;3303.692;33.413;2
14.500005600;4354.177;33.145;2
14.500008088;5086.182;32.911;2
14.500013066;5971.631;32.527;2
14.500018044;6560.746;32.203;2
14.500027999;7219.840;31.697;2
14.500047909;7752.879;30.852;2
14.500067819;7916.913;29.977;2
14.500107639;7788.402;28.126;2
14.500147459;7548.318;26.479;2
14.500227100;7118.167;24.276;2
14.500386380;6556.513;21.953;2
14.500545661;6176.011;20.561;2
14.500864223;5720.165;19.030;2
14.501182784;5415.444;18.052;2
14.501819907;5046.388;16.905;2
14.503094154;4642.767;15.678;2
14.504368400;4388.342;14.914;2
14.506916893;4097.918;14.048;2
14.512013878;3795.974;13.154;2
14.517110863;3609.363;12.602;2
14.527304834;3395.789;11.973;2
14.547692775;3172.526;11.316;2
14.568080716;3034.793;10.911;2
14.608856598;2877.341;10.448;2
14.690408363;2710.216;9.958;2
14.853511891;2540.799;9.461;2
15.000000000;2442.975;9.175;40
15.000000075;-28.850;8.937;40
15.000000151;78.892;8.985;40
15.000000302;-217.506;8.997;40
15.000000603;-812.166;9.059;40
15.000001206;-1557.296;9.157;40
15.000001810;-2153.482;9.242;40
15.000003016;-2967.321;9.397;40
15.000005429;-4009.491;9.657;40
15.000007842;-4742.656;9.887;40
15.000012667;-5632.639;10.264;40
15.000017493;-6228.663;10.584;40
15.000027144;-6896.417;11.084;40
15.000046447;-7451.357;11.905;40
15.000065750;-7633.805;12.747;40
15.000104355;-7527.421;14.548;40
15.000142960;-7297.369;16.177;40
15.000220171;-6872.525;18.391;40
15.000374593;-6311.357;20.739;40
15.000529014;-5929.590;22.146;40
15.000837857;-5471.376;23.692;40
15.001146700;-5164.837;24.679;40
15.001764386;-4793.454;25.836;40
15.002999758;-4387.073;27.072;40
15.004235129;-4130.724;27.843;40
15.006705873;-3837.933;28.716;40
15.011647360;-3533.673;29.618;40
15.016588847;-3345.760;30.173;40
15.026471821;-3130.738;30.807;40
15.046237768;-2905.950;31.469;40
15.066003716;-2767.324;31.876;40
15.105535612;-2609.021;32.341;40
15.184599403;-2441.334;32.834;40
15.342726986;-2272.049;33.330;40
15.500000000;-2167.207;33.637;40
15.500000078;317.988;33.872;2
15.500000156;211.319;33.825;2
15.500000311;514.665;33.811;2
15.500000622;1112.818;33.749;2
15.500001244;1873.707;33.649;2
15.500001867;2475.261;33.562;2
15.500003111;3300.743;33.404;2
15.500005600;4351.254;33.136;2
15.500008088;5083.269;32.902;2
15.500013066;5968.777;32.519;2
15.500018043;6557.794;32.195;2
15.500027999;7216.882;31.688;2
15.500047909;7749.973;30.844;2
15.500067819;7913.972;29.968;2
15.500107639;7785.485;28.118;2
15.500147459;7545.357;26.470;2
15.500227099;7115.209;24.267;2
15.500386380;6553.567;21.944;2
15.500545660;6173.053;20.552;2
15.500864221;5717.211;19.022;2
15.501182782;5412.492;18.044;2
15.501819904;5043.436;16.897;2
15.503094148;4639.815;15.670;2
15.504368392;4385.390;14.905;2
15.506916879;4094.967;14.040;2
15.512013854;3793.024;13.145;2
15.517110830;3606.413;12.594;2
15.527304780;3392.840;11.964;2
15.547692681;3169.581;11.307;2
15.568080582;3031.851;10.902;2
15.608856384;2874.406;10.440;2
15.690407989;2707.294;9.949;2
15.853511197;2537.904;9.453;2
16.000000000;2440.102;9.166;40
16.000000075;-31.723;8.929;40
16.000000151;76.020;8.977;40
16.000000302;-220.378;8.989;40
16.000000603;-815.037;9.051;40
16.000001206;-1560.166;9.149;40
16.000001810;-2156.359;9.234;40
16.000003016;-2970.183;9.388;40
16.000005429;-4012.395;9.649;40
16.000007842;-4745.524;9.878;40
16.000012667;-5635.588;10.256;40
16.000017493;-6231.549;10.575;40
16.000027144;-6899.363;11.076;40
16.000046447;-7454.282;11.897;40
16.000065750;-7636.668;12.739;40
16.000104355;-7530.294;14.539;40
16.000142960;-7300.238;16.169;40
16.000220171;-6875.394;18.382;40
16.000374592;-6314.226;20.731;40
16.000529013;-5932.470;22.138;40
16.000837855;-5474.253;23.684;40
16.001146698;-5167.714;24.671;40
16.001764382;-4796.329;25.827;40
16.002999751;-4389.947;27.064;40
16.004235120;-4133.598;27.835;40
16.006705858;-3840.806;28.708;40
16.011647335;-3536.545;29.610;40
16.016588811;-3348.632;30.165;40
16.026471763;-3133.608;30.798;40
16.046237668;-2908.816;31.460;40
16.066003573;-2770.188;31.868;40
16.105535383;-2611.878;32.333;40
16.184599003;-2444.179;32.825;40
16.342726243;-2274.870;33.322;40
16.500000000;-2170.004;33.629;40
16.500000078;315.190;33.864;2
16.500000156;208.523;33.817;2
16.500000311;511.866;33.802;2
16.500000622;1110.022;33.741;2
16.500001244;1870.910;33.641;2
16.500001867;2472.466;33.554;2
16.500003111;3297.951;33.396;2
16.500005600;4348.484;33.128;2
16.500008088;5080.512;32.894;2
16.500013066;5966.047;32.510;2
16.500018043;6554.976;32.186;2
16.500027998;7214.050;31.680;2
16.500047908;7747.136;30.836;2
16.500067819;7911.215;29.960;2
16.500107639;7782.644;28.110;2
16.500147459;7542.570;26.462;2
16.500227099;7112.412;24.259;2
16.500386379;6550.767;21.936;2
16.500545659;6170.261;20.544;2
16.500864219;5714.417;19.013;2
16.501182780;5409.698;18.036;2
16.501819901;5040.641;16.888;2
16.503094142;4637.021;15.662;2
16.504368383;4382.596;14.897;2
16.506916866;4092.172;14.031;2
16.512013832;3790.230;13.137;2
16.517110798;3603.619;12.586;2
16.527304730;3390.049;11.956;2
16.547692593;3166.792;11.299;2
16.568080457;3029.066;10.894;2
16.608856183;2871.626;10.431;2
16.690407637;2704.526;9.941;2
16.853510544;2535.159;9.444;2
17.000000000;2437.377;9.158;40
17.000000075;-34.448;8.921;40
17.000000151;73.297;8.969;40
17.000000302;-223.101;8.981;40
17.000000603;-817.759;9.043;40
17.000001206;-1562.886;9.141;40
17.000001810;-2159.086;9.226;40
17.000003016;-2972.896;9.380;40
17.000005429;-4015.145;9.641;40
17.000007842;-4748.240;9.870;40
17.000012667;-5638.362;10.248;40
17.000017493;-6234.304;10.567;40
17.000027144;-6902.103;11.068;40
17.000046447;-7457.042;11.889;40
17.000065749;-7639.451;12.731;40
17.000104355;-7533.004;14.531;40
17.000142960;-7302.967;16.161;40
17.000220170;-6878.114;18.374;40
17.000374591;-6316.957;20.723;40
17.000529012;-5935.191;22.130;40
17.000837854;-5476.974;23.676;40
17.001146695;-5170.437;24.663;40
17.001764378;-4799.054;25.819;40
17.002999745;-4392.673;27.056;40
17.004235112;-4136.323;27.827;40
17.006705845;-3843.530;28.700;40
17.011647311;-3539.269;29.602;40
17.016588777;-3351.354;30.157;40
17.026471709;-3136.329;30.790;40
17.046237574;-2911.535;31.452;40
17.066003438;-2772.903;31.860;40
17.105535167;-2614.588;32.325;40
17.184598625;-2446.878;32.817;40
17.342725541;-2277.547;33.314;40
17.500000000;-2172.659;33.621;40
17.500000078;312.533;33.856;2
17.500000156;205.868;33.809;2
17.500000311;509.209;33.795;2
17.500000622;1107.367;33.733;2
17.500001244;1868.255;33.633;2
17.500001867;2469.812;33.546;2
17.500003111;3295.301;33.388;2
17.500005600;4345.852;33.120;2
17.500008088;5077.884;32.886;2
17.500013066;5963.393;32.503;2
17.500018043;6552.310;32.179;2
17.500027998;7211.382;31.672;2
17.500047908;7744.436;30.828;2
17.500067818;7908.556;29.952;2
17.500107638;7779.982;28.102;2
17.500147458;7539.896;26.454;2
17.500227098;7109.767;24.251;2
17.500386378;6548.118;21.928;2
17.500545658;6167.604;20.536;2
17.500864218;5711.764;19.006;2
17.501182778;5407.044;18.028;2
17.501819897;5037.988;16.881;2
17.503094137;4634.367;15.654;2
17.504368376;4379.942;14.889;2
17.506916854;4089.519;14.024;2
17.512013811;3787.577;13.129;2
17.517110768;3600.967;12.578;2
17.527304682;3387.398;11.948;2
17.547692510;3164.144;11.291;2
17.568080338;3026.420;10.886;2
17.608855993;2868.985;10.424;2
17.690407304;2701.897;9.933;2
17.853509927;2532.551;9.437;2
18.000000000;2434.787;9.151;40
18.000000075;-37.038;8.913;40
18.000000151;70.708;8.961;40
18.000000302;-225.690;8.973;40
18.000000603;-820.347;9.035;40
18.000001206;-1565.473;9.133;40
18.000001810;-2161.674;9.218;40
18.000003016;-2975.474;9.373;40
18.000005429;-4017.756;9.633;40
18.000007842;-4750.821;9.863;40
18.000012667;-5640.986;10.240;40
18.000017493;-6236.975;10.560;40
18.000027144;-6904.603;11.060;40
18.000046447;-7459.664;11.881;40
18.000065749;-7642.024;12.723;40
18.000104354;-7535.597;14.524;40
18.000142960;-7305.571;16.153;40
18.000220170;-6880.725;18.366;40
18.000374590;-6319.543;20.715;40
18.000529011;-5937.780;22.122;40
18.000837852;-5479.564;23.668;40
18.001146693;-5173.028;24.655;40
18.001764375;-4801.646;25.812;40
18.002999739;-4395.264;27.048;40
18.004235103;-4138.914;27.819;40
18.006705832;-3846.121;28.692;40
18.011647288;-3541.858;29.594;40
18.016588745;-3353.943;30.149;40
18.026471658;-3138.917;30.783;40
18.046237484;-2914.120;31.444;40
18.066003310;-2775.486;31.852;40
18.105534963;-2617.165;32.317;40
18.184598267;-2449.445;32.810;40
18.342724877;-2280.095;33.306;40
18.500000000;-2175.187;33.614;40
18.500000078;310.004;33.849;2
18.500000156;203.341;33.802;2
18.500000311;506.680;33.787;2
18.500000622;1104.839;33.725;2
18.500001244;1865.727;33.626;2
18.500001867;2467.286;33.539;2
18.500003111;3292.779;33.380;2
18.500005600;4343.344;33.113;2
18.500008088;5075.352;32.879;2
18.500013066;5960.863;32.495;2
18.500018043;6549.786;32.171;2
18.500027998;7208.858;31.664;2
18.500047908;7741.918;30.820;2
18.500067818;7906.067;29.945;2
18.500107638;7777.463;28.094;2
18.500147458;7537.370;26.447;2
18.500227098;7107.251;24.244;2
18.500386378;6545.630;21.920;2
18.500545657;6165.078;20.529;2
18.500864216;5709.235;18.998;2
18.501182776;5404.517;18.020;2
18.501819894;5035.460;16.873;2
18.503094131;4631.840;15.646;2
18.504368369;4377.416;14.882;2
18.506916843;4086.993;14.016;2
18.512013791;3785.051;13.121;2
18.517110740;3598.442;12.570;2
18.527304637;3384.874;11.941;2
18.547692431;3161.622;11.284;2
18.568080225;3023.901;10.879;2
18.608855813;2866.472;10.416;2
18.690406989;2699.392;9.926;2
18.853509342;2530.066;9.429;2
19.000000000;2432.319;9.143;40
19.000000075;-39.506;8.906;40
19.000000151;68.241;8.954;40
19.000000302;-228.158;8.966;40
19.000000603;-822.813;9.028;40
19.000001206;-1567.939;9.126;40
19.000001810;-2164.138;9.211;40
19.000003016;-2977.933;9.365;40
19.000005429;-4020.244;9.626;40
19.000007842;-4753.281;9.855;40
19.000012667;-5643.413;10.233;40
19.000017493;-6239.445;10.552;40
19.000027144;-6907.048;11.053;40
19.000046447;-7462.107;11.874;40
19.000065749;-7644.498;12.716;40
19.000104354;-7538.091;14.516;40
19.000142959;-7308.021;16.146;40
19.000220169;-6883.178;18.359;40
19.000374590;-6322.011;20.708;40
19.000529010;-5940.252;22.115;40
19.000837850;-5482.047;23.661;40
19.001146691;-5175.506;24.648;40
19.001764372;-4804.115;25.804;40
19.002999734;-4397.732;27.041;40
19.004235096;-4141.383;27.812;40
19.006705819;-3848.589;28.685;40
19.011647267;-3544.326;29.587;40
19.016588714;-3356.410;30.142;40
19.026471609;-3141.383;30.776;40
19.046237399;-2916.583;31.437;40
19.066003189;-2777.947;31.845;40
19.105534768;-2619.622;32.310;40
19.184597927;-2451.892;32.803;40
19.342724246;-2282.524;33.299;40
19.500000000;-2177.598;33.606;40
19.500000078;307.592;33.842;2
19.500000156;200.930;33.795;2
19.500000311;504.267;33.780;2
19.500000622;1102.428;33.718;2
19.500001244;1863.315;33.618;2
19.500001867;2464.876;33.532;2
19.500003111;3290.374;33.373;2
19.500005600;4340.949;33.105;2
19.500008088;5072.938;32.872;2
19.500013066;5958.412;32.488;2
19.500018043;6547.389;32.164;2
19.500027998;7206.466;31.657;2
19.500047908;7739.542;30.813;2
19.500067818;7903.651;29.938;2
19.500107638;7775.084;28.087;2
19.500147458;7534.958;26.440;2
19.500227098;7104.830;24.237;2
19.500386377;6543.212;21.913;2
19.500545656;6162.671;20.522;2
19.500864215;5706.827;18.991;2
19.501182774;5402.108;18.013;2
19.501819891;5033.051;16.866;2
19.503094127;4629.431;15.639;2
19.504368362;4375.006;14.875;2
19.506916832;4084.583;14.009;2
19.512013772;3782.642;13.114;2
19.517110713;3596.034;12.563;2
19.527304594;3382.466;11.934;2
19.547692356;3159.217;11.277;2
19.568080118;3021.498;10.872;2
19.608855642;2864.073;10.409;2
19.690406689;2697.003;9.919;2
19.853508785;2527.694;9.423;2
20.000000000;2429.962;9.136;40
20.000000075;-41.863;8.899;40
20.000000151;65.885;8.947;40
20.000000302;-230.514;8.959;40
20.000000603;-825.168;9.021;40
20.000001206;-1570.293;9.119;40
20.000001810;-2166.491;9.204;40
20.000003016;-2980.281;9.359;40
20.000005429;-4022.618;9.619;40
20.000007842;-4755.636;9.848;40
20.000012667;-5645.724;10.226;40
20.000017493;-6241.839;10.545;40
20.000027144;-6909.527;11.046;40
20.000046447;-7464.507;11.867;40
20.000065749;-7646.824;12.709;40
20.000104354;-7540.441;14.509;40
20.000142959;-7310.392;16.139;40
20.000220169;-6885.538;18.352;40
20.000374589;-6324.381;20.701;40
20.000529009;-5942.611;22.108;40
20.000837849;-5484.394;23.654;40
20.001146689;-5177.856;24.641;40
20.001764369;-4806.473;25.797;40
20.002999728;-4400.090;27.034;40
20.004235088;-4143.740;27.805;40
20.006705807;-3850.946;28.678;40
20.011647246;-3546.682;29.580;40
20.016588685;-3358.766;30.135;40
20.026471563;-3143.737;30.769;40
20.046237318;-2918.936;31.430;40
20.066003073;-2780.297;31.838;40
20.105534583;-2621.968;32.303;40
20.184597603;-2454.230;32.796;40
20.342723644;-2284.845;33.292;40
20.500000000;-2179.903;33.600;40
20.500000078;305.286;33.835;2
20.500000156;198.626;33.788;2
20.500000311;501.961;33.773;2
20.500000622;1100.123;33.711;2
20.500001244;1861.010;33.612;2
20.500001867;2462.572;33.525;2
20.500003111;3288.074;33.367;2
20.500005600;4338.660;33.099;2
20.500008088;5070.685;32.865;2
20.500013066;5956.197;32.481;2
20.500018043;6545.101;32.157;2
20.500027998;7204.180;31.651;2
20.500047908;7737.207;30.806;2
20.500067818;7901.381;29.931;2
20.500107638;7772.767;28.080;2
20.500147458;7532.669;26.433;2
20.500227097;7102.531;24.230;2
20.500386376;6540.884;21.907;2
20.500545656;6160.366;20.515;2
20.500864214;5704.524;18.984;2
20.501182772;5399.805;18.007;2
20.501819889;5030.748;16.859;2
20.503094122;4627.128;15.632;2
20.504368355;4372.703;14.868;2
20.506916822;4082.280;14.002;2
20.512013754;3780.340;13.108;2
20.517110687;3593.731;12.557;2
20.527304553;3380.165;11.927;2
20.547692284;3156.918;11.270;2
20.568080016;3019.201;10.865;2
20.608855478;2861.780;10.403;2
20.690406403;2694.718;9.912;2
20.853508254;2525.425;9.416;2
21.000000000;2427.708;9.130;40
21.000000075;-44.117;8.893;40
21.000000151;63.631;8.940;40
21.000000302;-232.767;8.952;40
21.000000603;-827.421;9.014;40
21.000001206;-1572.545;9.112;40
21.000001810;-2168.742;9.197;40
21.000003016;-2982.528;9.352;40
21.000005429;-4024.888;9.612;40
21.000007842;-4757.893;9.842;40
21.000012667;-5647.946;10.219;40
21.000017493;-6244.047;10.539;40
21.000027144;-6911.889;11.039;40
21.000046447;-7466.708;11.860;40
21.000065749;-7649.083;12.702;40
21.000104354;-7542.695;14.503;40
21.000142959;-7312.642;16.132;40
21.000220169;-6887.800;18.346;40
21.000374588;-6326.632;20.694;40
21.000529008;-5944.868;22.102;40
21.000837848;-5486.654;23.647;40
21.001146687;-5180.111;24.634;40
21.001764366;-4808.728;25.791;40
21.002999723;-4402.346;27.027;40
21.004235081;-4145.996;27.798;40
21.006705796;-3853.201;28.671;40
21.011647227;-3548.937;29.573;40
21.016588657;-3361.020;30.128;40
21.026471518;-3145.990;30.762;40
21.046237240;-2921.186;31.424;40
21.066002962;-2782.546;31.831;40
21.105534406;-2624.213;32.297;40
21.184597294;-2456.467;32.789;40
21.342723069;-2287.067;33.286;40
21.500000000;-2182.109;33.593;40
21.500000078;303.078;33.829;2
21.500000156;196.419;33.782;2
21.500000311;499.753;33.767;2
21.500000622;1097.916;33.705;2
21.500001244;1858.803;33.605;2
21.500001867;2460.366;33.518;2
21.500003111;3285.872;33.360;2
21.500005600;4336.467;33.092;2
21.500008088;5068.535;32.858;2
21.500013066;5953.986;32.475;2
21.500018043;6542.924;32.151;2
21.500027998;7201.997;31.644;2
21.500047908;7734.991;30.800;2
21.500067818;7899.220;29.924;2
21.500107638;7770.576;28.074;2
21.500147457;7530.458;26.427;2
21.500227097;7100.330;24.223;2
21.500386376;6538.678;21.900;2
21.500545655;6158.163;20.508;2
21.500864213;5702.324;18.978;2
21.501182770;5397.600;18.000;2
21.501819886;5028.543;16.853;2
21.503094118;4624.922;15.626;2
21.504368349;4370.498;14.861;2
21.506916812;4080.075;13.996;2
21.512013737;3778.135;13.101;2
21.517110663;3591.527;12.550;2
21.527304514;3377.962;11.921;2
21.547692216;3154.716;11.264;2
21.568079918;3017.001;10.859;2
21.608855322;2859.584;10.396;2
21.690406130;2692.529;9.906;2
21.853507746;2523.252;9.409;2
22.000000000;2425.547;9.123;40
22.000000075;-46.278;8.886;40
22.000000151;61.472;8.934;40
22.000000302;-234.927;8.946;40
22.000000603;-829.579;9.008;40
22.000001206;-1574.703;9.106;40
22.000001810;-2170.900;9.191;40
22.000003016;-2984.681;9.346;40
22.000005429;-4027.062;9.606;40
22.000007842;-4760.053;9.835;40
22.000012667;-5650.071;10.213;40
22.000017493;-6246.261;10.532;40
22.000027144;-6913.938;11.033;40
22.000046446;-7468.780;11.854;40
22.000065749;-7651.216;12.696;40
22.000104354;-7544.848;14.496;40
22.000142959;-7314.811;16.126;40
22.000220168;-6889.970;18.339;40
22.000374588;-6328.792;20.688;40
22.000529007;-5947.030;22.095;40
22.000837846;-5488.813;23.641;40
22.001146685;-5182.274;24.628;40
22.001764363;-4810.890;25.784;40
22.002999719;-4404.507;27.021;40
22.004235074;-4148.157;27.792;40
22.006705785;-3855.362;28.665;40
22.011647208;-3551.097;29.567;40
22.016588631;-3363.180;30.122;40
22.026471476;-3148.149;30.756;40
22.046237166;-2923.343;31.417;40
22.066002856;-2784.701;31.825;40
22.105534237;-2626.364;32.290;40
22.184596997;-2458.611;32.783;40
22.342722519;-2289.197;33.280;40
22.500000000;-2184.225;33.587;40
22.500000078;300.962;33.822;2
22.500000156;194.304;33.775;2
22.500000311;497.635;33.761;2
22.500000622;1095.801;33.699;2
22.500001244;1856.686;33.599;2
22.500001867;2458.250;33.512;2
22.500003111;3283.761;33.354;2
22.500005600;4334.365;33.086;2
22.500008088;5066.479;32.852;2
22.500013066;5951.887;32.469;2
22.500018043;6540.850;32.145;2
22.500027998;7199.805;31.638;2
22.500047908;7732.926;30.794;2
22.500067818;7897.092;29.918;2
22.500107638;7768.463;28.068;2
22.500147457;7528.349;26.420;2
22.500227097;7098.216;24.217;2
22.500386375;6536.560;21.894;2
22.500545654;6156.047;20.502;2
22.500864211;5700.206;18.972;2
22.501182769;5395.485;17.994;2
22.501819884;5026.428;16.847;2
22.503094113;4622.808;15.620;2
22.504368343;4368.383;14.855;2
22.506916802;4077.961;13.990;2
22.512013721;3776.021;13.095;2
22.517110639;3589.413;12.544;2
22.527304476;3375.849;11.914;2
22.547692150;3152.605;11.257;2
22.568079824;3014.892;10.852;2
22.608855172;2857.478;10.390;2
22.690405868;2690.430;9.900;2
22.853507260;2521.167;9.403;2
23.000000000;2423.474;9.117;40
23.000000075;-48.351;8.880;40
23.000000151;59.400;8.928;40
23.000000302;-236.999;8.940;40
23.000000603;-831.651;9.002;40
23.000001206;-1576.774;9.100;40
23.000001810;-2172.972;9.185;40
23.000003016;-2986.745;9.339;40
23.000005429;-4029.148;9.600;40
23.000007842;-4762.123;9.829;40
23.000012667;-5651.986;10.207;40
23.000017493;-6248.348;10.526;40
23.000027144;-6916.011;11.027;40
23.000046446;-7470.814;11.848;40
23.000065749;-7653.314;12.690;40
23.000104354;-7546.914;14.490;40
23.000142958;-7316.891;16.120;40
23.000220168;-6892.041;18.333;40
23.000374587;-6330.866;20.682;40
23.000529006;-5949.105;22.089;40
23.000837845;-5490.886;23.635;40
23.001146683;-5184.349;24.622;40
23.001764360;-4812.965;25.778;40
23.002999714;-4406.581;27.015;40
23.004235068;-4150.230;27.786;40
23.006705775;-3857.435;28.659;40
23.011647190;-3553.170;29.561;40
23.016588605;-3365.252;30.116;40
23.026471435;-3150.220;30.750;40
23.046237095;-2925.413;31.411;40
23.066002755;-2786.769;31.819;40
23.105534074;-2628.429;32.284;40
23.184596713;-2460.669;32.777;40
23.342721992;-2291.242;33.274;40
23.500000000;-2186.257;33.581;40
23.500000078;298.929;33.816;2
23.500000156;192.272;33.769;2
23.500000311;495.602;33.755;2
23.500000622;1093.770;33.693;2
23.500001244;1854.654;33.593;2
23.500001867;2456.219;33.506;2
23.500003111;3281.733;33.348;2
23.500005600;4332.346;33.080;2
23.500008088;5064.503;32.846;2
23.500013066;5949.886;32.463;2
23.500018043;6538.857;32.139;2
23.500027998;7197.758;31.632;2
23.500047908;7730.860;30.788;2
23.500067818;7895.028;29.912;2
23.500107637;7766.390;28.062;2
23.500147457;7526.298;26.414;2
23.500227096;7096.173;24.211;2
23.500386375;6534.572;21.888;2
23.500545653;6154.017;20.496;2
23.500864210;5698.175;18.966;2
23.501182767;5393.454;17.988;2
23.501819881;5024.397;16.841;2
23.503094109;4620.777;15.614;2
23.504368337;4366.353;14.849;2
23.506916793;4075.930;13.984;2
23.512013705;3773.991;13.089;2
23.517110617;3587.384;12.538;2
23.527304440;3373.820;11.908;2
23.547692087;3150.578;11.251;2
23.568079734;3012.866;10.847;2
23.608855029;2855.455;10.384;2
23.690405617;2688.415;9.894;2
23.853506794;2519.164;9.397;2
24.000000000;2421.483;9.111;40
24.000000075;-50.343;8.874;40
24.000000151;57.409;8.922;40
24.000000302;-238.990;8.934;40
24.000000603;-833.641;8.996;40
24.000001206;-1578.764;9.094;40
24.000001810;-2174.963;9.179;40
24.000003016;-2988.729;9.334;40
24.000005429;-4031.151;9.594;40
24.000007842;-4764.106;9.823;40
24.000012667;-5653.889;10.201;40
24.000017493;-6250.321;10.520;40
24.000027144;-6917.984;11.021;40
24.000046446;-7472.773;11.842;40
24.000065749;-7655.291;12.684;40
24.000104353;-7548.915;14.484;40
24.000142958;-7318.879;16.114;40
24.000220168;-6894.025;18.327;40
24.000374587;-6332.864;20.676;40
24.000529006;-5951.099;22.083;40
24.000837844;-5492.880;23.629;40
24.001146682;-5186.341;24.616;40
24.001764358;-4814.957;25.772;40
24.002999709;-4408.574;27.009;40
24.004235061;-4152.223;27.780;40
24.006705765;-3859.428;28.653;40
24.011647173;-3555.161;29.555;40
24.016588581;-3367.243;30.110;40
24.026471396;-3152.210;30.744;40
24.046237026;-2927.402;31.405;40
24.066002657;-2788.756;31.813;40
24.105533918;-2630.413;32.279;40
24.184596440;-2462.647;32.771;40
24.342721485;-2293.208;33.268;40
24.500000000;-2188.210;33.575;40
24.500000078;296.975;33.811;2
24.500000156;190.319;33.764;2
24.500000311;493.648;33.749;2
24.500000622;1091.818;33.687;2
24.500001244;1852.700;33.587;2
24.500001867;2454.267;33.500;2
24.500003111;3279.784;33.342;2
24.500005600;4330.405;33.074;2
24.500008088;5062.575;32.841;2
24.500013066;5947.948;32.457;2
24.500018043;6536.965;32.133;2
24.500027998;7195.807;31.626;2
24.500047908;7728.854;30.782;2
24.500067818;7893.080;29.906;2
24.500107637;7764.469;28.056;2
24.500147457;7524.365;26.409;2
24.500227096;7094.229;24.206;2
24.500386374;6532.573;21.882;2
24.500545653;6152.062;20.490;2
24.500864209;5696.223;18.960;2
24.501182766;5391.503;17.982;2
24.501819879;5022.446;16.835;2
24.503094105;4618.825;15.608;2
24.504368332;4364.401;14.844;2
24.506916784;4073.979;13.978;2
24.512013690;3772.039;13.083;2
24.517110595;3585.432;12.532;2
24.527304405;3371.869;11.903;2
24.547692027;3148.629;11.246;2
24.568079648;3010.918;10.841;2
24.608854891;2853.511;10.378;2
24.690405376;2686.476;9.888;2
24.853506346;2517.237;9.392;2
25.000000000;2419.567;9.106;40
